List;Discription;Title screen;Hex file;Data file;Save file
0;Bootloader title;games/arduboyloader.png;;;
1;Arcade games title;games/Arcade.png;;;
1;1943;games/Nineteen43.png;games/Nineteen43.hex;;
1;3in1A;games/3in1A.png;games/3in1A.hex;;
1;3in1B;games/3in1B.png;games/3in1B.hex;;
1;Bangi;games/Bangi.png;games/Bangi.hex;;
1;Bounce;games/Bounce.png;games/Bounce.hex;;
1;Digitalinvader;games/digitalinvader.png;games/digitalinvader.hex;;
1;Dominoes;games/Dominoes.png;games/Dominoes.hex;
1;Evade;games/evade.png;games/evade.hex;;
1;Evade2;games/evade2.png;games/evade2.hex;;
1;Galaxion;games/galaxion.png;games/galaxion.hex;;
1;Invaders;games/Invaders.png;games/Invaders.hex;;
1;JunoFirst;games/JunoFirst.png;games/JunoFirst.hex;;
1;Kong;games/kong.png;games/kong.hex;;
1;Night-Raid;games/Night-Raid.png;games/Night-Raid.hex;;
1;MicroTank;games/MicroTank.png;games/MicroTank.hex;;
1;Nineteen44;games/Nineteen44.png;games/Nineteen44.hex;;
1;Shooter;games/Shooter.png;games/Shooter.hex;;
1;Sirene;games/sirene.png;games/SRN_AB.ino-arduboy.hex;;
1;StellarImpact;games/StellarImpact.png;games/StellarImpact.hex;;
1;Zoo;games/Zoo.png;games/Zoo.hex;;
2;Platformer Games title ;games/Platformer.png;;;
2;Arduman;games/Arduman.png;games/Arduman.hex;;
2;Blob Attack;games/blob-attack.png;games/BLBA_AB.ino-arduboy.hex;;
2;CastleBoy;games/CastleBoy.png;games/CastleBoy.hex;;
2;DarkAndUnder;games/DarkAndUnder.png;games/DarkAndUnder.hex;;
2;Epic Crates of Mass Destruction;games/ecomd.png;games/ECOMD_AB.ino-arduboy.hex;;
2;Fantasy Rampage;games/fantasy-rampage.png;games/FRMP_AB.ino-arduboy.hex;;
2;FlappyBird;games/FlappyBird.png;games/FlappyBird.hex;;
2;Hollow Seeker;games/HollowSeeker.png;games/hollow.ino-arduboy.hex;;
2;Hopper;games/Hopper.png;games/hopper.ino-arduboy.hex;;
2;LodeRunner40;games/LodeRunner40.png;games/LodeRunner40.hex;;
2;Midnight Wild;games//midnight-wild.png;games//MidnightWild.ino-arduboy.hex;;
2;Mystic Balloon;games/mysticballoon.png;games/MYBL_AB.ino-arduboy.hex;;
2;Pactastic;games/pactastic.png;games/pactastic.hex;;
2;Paqman;games/Paqman.png;games/Paqman.hex;;
2;Parachute;games/parachute.png;games/parachute.hex;;
2;Sansan;games/Sansan.png;games/Sansan.hex;;
2;Shadow Runner;games/shadow-runner.png;games/SHRUN_AB.ino-arduboy.hex;;
2;Trolly Fish;games/trollyfish.png;games/FISH_AB.ino-arduboy.hex;;
2;TurtleBridge;games/TurtleBridge.png;games/TurtleBridge.hex;;
2;Virus;games/virus.png;games/VLQP_AB.ino-arduboy.hex;;
3;Utilities;games/utilities.png;;;
3;Flashcart test;games/flashcart-test-title.png;games/flashcart-test.hex;games/badapple-frames.bin;
3;HardwareTest;games/HardwareTest.png;games/HardwareTest.hex;;
3;PaddleTest;games/PaddleTest.png;games/PaddleTest.hex;;
4;Puzzle Games title ;games/Puzzle.png;;;
4;2048;games/2048.png;games/2048.hex;;
4;Ardu-Whack;games/Ardu-Whack.png;games/Ardu-Whack.hex;;
4;ArduboySays;games/ArduboySays.png;games/ArduboySays.hex;
4;Begemmed;games/begemmed.png;games/BGEM_AB.ino-arduboy.hex;;
4;Blocks;games/Blocks.png;games/Blocks.hex;;
4;Boxstacker;games/Boxstacker.png;games/Boxstacker.hex;;
4;Circuit Dude;games//circuit-dude.png;games/CircuitDude.ino-arduboy.hex;;
4;Hangman;games/Hangman.png;games/Hangman.hex;;
4;LATE;games/LATE.png;games/LATE.hex;;
4;Minesweeper;games/Minesweeper.png;games/Minesweeper.hex;;
4;Pipes;games/Pipes.png;games/Pipes.hex;;
4;Sketch;games/Sketch.png;games/Sketch.hex;;
4;Tetris;games/tetris.png;games/tetris.hex;;
4;Tris;games/Tris.png;games/Tris.hex;;
5;Chess Cards title ;games/chesscards.png;;;
5;Ardletics;games/Ardletics.png;games/Ardletics.hex;;
5;Dice of Fate;games/dice-of-fate.png;games/DICE_AB.ino-arduboy.hex;;
5;Othello;games/othello.png;games/othello.hex;;
5;Solitaire;games/Solitaire.png;games/Solitaire.hex;;
6;Sports title ;games/Sports.png;;;
6;Pong;games/Pong.png;games/Pong.hex;;
6;Ardletics;games/Ardletics.png;games/Ardletics.hex;;
6;Reverse Mermaid Hockey;games/reverse-mermaid-hockey.png;games/RMH_AB.ino-arduboy.hex;;
6;Karateka;games/Karateka.png;games/Karateka.hex;;
7;Racing Games title;games/Racing.png;;;
7;Ard-Drivin;games/Ard-Drivin.png;games/Ard-Drivin.hex;;
8;RPG Games title;games/RPG.png;;;
8;Arduventure;games/screenshot00.png;games/ARDU_AB.ino-arduboy.hex;;
8;Rick & Morty;games/Rick-and-Morty.png;games/Rick-and-Morty.hex;;
9;Paddle Games title;games/PaddleGames.png;;;
9;ArduboyNGOnPaddle;games/ArduboyNGOnPaddle.png;games/ArduboyNGOnPaddle.hex;;
9;BreakoutOnPaddle;games/BreakOutOnPaddle.png;games/BreakOutOnPaddle.hex;;
9;PicovadersOnPaddle;games/PicovadersOnPaddle.png;games/PicovadersOnPaddle.hex;;
9;PaddleTest;games/PaddleTest.png;games/PaddleTest.hex;;
10;Music Games title;games/Music.png;;;
10;abSynth;games/abSynth.png;games/abSynth.hex;;
10;Hot butter;games/HotButter_AB.png;games/HotButter_AB.hex;;
10;sequencer;games/sequencer.png;games/sequencer.hex;;